{"accuracy": [0.6276595592498779, 0.6702127456665039, 0.7659574747085571, 0.7659574747085571, 0.7659574747085571, 0.7659574747085571, 0.7659574747085571, 0.7765957713127136, 0.7819148898124695, 0.8297872543334961], "loss": [2.282952308654785, 0.8234133720397949, 0.6775587201118469, 0.681240975856781, 0.638056755065918, 0.6103368997573853, 0.5600517988204956, 0.49553433060646057, 0.4402403235435486, 0.37727952003479004], "val_accuracy": [0.08235294371843338, 0.20000000298023224, 0.20000000298023224, 0.20000000298023224, 0.20000000298023224, 0.20000000298023224, 0.20000000298023224, 0.20000000298023224, 0.0941176488995552, 0.1764705926179886], "val_loss": [1.4409310817718506, 2.5049798488616943, 1.7157011032104492, 2.6703617572784424, 1.5774575471878052, 2.327331781387329, 2.4612419605255127, 2.859018564224243, 3.290471315383911, 4.662177085876465]}